{"cameraMode":{"drawMode":0,"name":"Shaded","section":"Shading Mode"},"sceneLighting":true,"audioPlay":false,"sceneViewState":{"m_AlwaysRefresh":true,"showFog":true,"showSkybox":true,"showFlares":true,"showImageEffects":true,"showParticleSystems":true,"showVisualEffectGraphs":true,"m_FxEnabled":true},"in2DMode":false,"pivot":{"x":37.690914154052737,"y":0.8498620986938477,"z":20.910301208496095},"rotation":{"x":-0.04917149618268013,"y":0.9551942944526672,"z":-0.24379609525203706,"w":-0.1802205592393875},"size":0.8660253882408142,"orthographic":false}