{"cameraMode":{"drawMode":0,"name":"Shaded","section":"Shading Mode"},"sceneLighting":true,"audioPlay":false,"sceneViewState":{"m_AlwaysRefresh":true,"showFog":true,"showSkybox":true,"showFlares":true,"showImageEffects":true,"showParticleSystems":true,"showVisualEffectGraphs":true,"m_FxEnabled":true},"in2DMode":false,"pivot":{"x":25.120595932006837,"y":-4.433139324188232,"z":-4.874655723571777},"rotation":{"x":0.13237477838993073,"y":0.5169602632522583,"z":-0.0076105534099042419,"w":0.8529748916625977},"size":17.197612762451173,"orthographic":false}