{"cameraMode":{"drawMode":0,"name":"Shaded","section":"Shading Mode"},"sceneLighting":true,"audioPlay":false,"sceneViewState":{"m_AlwaysRefresh":true,"showFog":true,"showSkybox":true,"showFlares":true,"showImageEffects":true,"showParticleSystems":true,"showVisualEffectGraphs":true,"m_FxEnabled":true},"in2DMode":false,"pivot":{"x":22.989519119262697,"y":11.453106880187989,"z":-32.85300064086914},"rotation":{"x":0.10390152037143707,"y":-0.36449578404426577,"z":0.0415339469909668,"w":0.9256879687309265},"size":1.272116780281067,"orthographic":false}