{"cameraMode":{"drawMode":0,"name":"Shaded","section":"Shading Mode"},"sceneLighting":true,"audioPlay":false,"sceneViewState":{"m_AlwaysRefresh":true,"showFog":true,"showSkybox":true,"showFlares":true,"showImageEffects":true,"showParticleSystems":true,"showVisualEffectGraphs":true,"m_FxEnabled":true},"in2DMode":false,"pivot":{"x":2.710059404373169,"y":-1.3157663345336915,"z":14.453853607177735},"rotation":{"x":0.09493784606456757,"y":0.10414880514144898,"z":-0.01002364233136177,"w":0.9911359548568726},"size":10.792251586914063,"orthographic":false}