{"cameraMode":{"drawMode":0,"name":"Shaded","section":"Shading Mode"},"sceneLighting":true,"audioPlay":false,"sceneViewState":{"m_AlwaysRefresh":true,"showFog":true,"showSkybox":true,"showFlares":true,"showImageEffects":true,"showParticleSystems":true,"showVisualEffectGraphs":true,"m_FxEnabled":true},"in2DMode":false,"pivot":{"x":867.7782592773438,"y":-33.76724624633789,"z":-155.61883544921876},"rotation":{"x":-0.0032447741832584144,"y":-0.7842060327529907,"z":0.027573052793741227,"w":-0.6252874135971069},"size":399.2988586425781,"orthographic":false}