{"cameraMode":{"drawMode":0,"name":"Shaded","section":"Shading Mode"},"sceneLighting":true,"audioPlay":false,"sceneViewState":{"m_AlwaysRefresh":true,"showFog":true,"showSkybox":true,"showFlares":true,"showImageEffects":true,"showParticleSystems":true,"showVisualEffectGraphs":true,"m_FxEnabled":true},"in2DMode":false,"pivot":{"x":-13.09352970123291,"y":6.054549217224121,"z":-23.715381622314454},"rotation":{"x":0.018222050741314889,"y":0.9601660966873169,"z":0.06242461875081062,"w":-0.2759869694709778},"size":10.792251586914063,"orthographic":false}