{"cameraMode":{"drawMode":0,"name":"Shaded","section":"Shading Mode"},"sceneLighting":true,"audioPlay":false,"sceneViewState":{"m_AlwaysRefresh":true,"showFog":true,"showSkybox":true,"showFlares":true,"showImageEffects":true,"showParticleSystems":true,"showVisualEffectGraphs":true,"m_FxEnabled":true},"in2DMode":false,"pivot":{"x":40.19221878051758,"y":2.9339892864227297,"z":31.376100540161134},"rotation":{"x":0.011825671419501305,"y":-0.5262337327003479,"z":-0.0019347361521795393,"w":0.8540971279144287},"size":16.760034561157228,"orthographic":false}