{"cameraMode":{"drawMode":0,"name":"Shaded","section":"Shading Mode"},"sceneLighting":true,"audioPlay":false,"sceneViewState":{"m_AlwaysRefresh":true,"showFog":true,"showSkybox":true,"showFlares":true,"showImageEffects":true,"showParticleSystems":true,"showVisualEffectGraphs":true,"m_FxEnabled":true},"in2DMode":false,"pivot":{"x":10.668797492980957,"y":20.213375091552736,"z":2.1531310081481935},"rotation":{"x":0.04690418764948845,"y":-0.9558050036430359,"z":0.2620207965373993,"w":0.14929957687854768},"size":0.8660253882408142,"orthographic":false}