{"cameraMode":{"drawMode":0,"name":"Shaded","section":"Shading Mode"},"sceneLighting":true,"audioPlay":false,"sceneViewState":{"m_AlwaysRefresh":true,"showFog":true,"showSkybox":true,"showFlares":true,"showImageEffects":true,"showParticleSystems":true,"showVisualEffectGraphs":true,"m_FxEnabled":true},"in2DMode":false,"pivot":{"x":46.21977615356445,"y":3.925825595855713,"z":16.638132095336915},"rotation":{"x":0.014794004149734974,"y":0.9623715877532959,"z":-0.2773268222808838,"w":0.05873466283082962},"size":0.8660253882408142,"orthographic":false}