{"cameraMode":{"drawMode":0,"name":"Shaded","section":"Shading Mode"},"sceneLighting":false,"audioPlay":false,"sceneViewState":{"m_AlwaysRefresh":false,"showFog":true,"showSkybox":false,"showFlares":true,"showImageEffects":true,"showParticleSystems":true,"showVisualEffectGraphs":true,"m_FxEnabled":true},"in2DMode":false,"pivot":{"x":1.4534924030303956,"y":3.301400661468506,"z":0.41005852818489077},"rotation":{"x":0.008180239237844944,"y":0.7192362546920776,"z":-0.007137395441532135,"w":0.6954194903373718},"size":2.215292453765869,"orthographic":false}