{"cameraMode":{"drawMode":0,"name":"Shaded","section":"Shading Mode"},"sceneLighting":false,"audioPlay":false,"sceneViewState":{"m_AlwaysRefresh":false,"showFog":true,"showSkybox":false,"showFlares":true,"showImageEffects":true,"showParticleSystems":true,"showVisualEffectGraphs":true,"m_FxEnabled":true},"in2DMode":false,"pivot":{"x":-0.007418930530548096,"y":2.2699999809265138,"z":1.2950999736785889},"rotation":{"x":0.2220231592655182,"y":0.7695063948631287,"z":-0.34962454438209536,"w":0.48709115386009219},"size":2.215292453765869,"orthographic":false}