{"cameraMode":{"drawMode":0,"name":"Shaded","section":"Shading Mode"},"sceneLighting":true,"audioPlay":false,"sceneViewState":{"m_AlwaysRefresh":false,"showFog":true,"showSkybox":true,"showFlares":true,"showImageEffects":true,"showParticleSystems":true,"showVisualEffectGraphs":true,"m_FxEnabled":true},"in2DMode":false,"pivot":{"x":-16.102609634399415,"y":13.927480697631836,"z":-5.3245134353637699},"rotation":{"x":0.18341240286827088,"y":0.7440171837806702,"z":-0.22693848609924317,"w":0.6021729111671448},"size":2.598076105117798,"orthographic":false}