{"cameraMode":{"drawMode":0,"name":"Shaded","section":"Shading Mode"},"sceneLighting":true,"audioPlay":false,"sceneViewState":{"m_AlwaysRefresh":false,"showFog":true,"showSkybox":true,"showFlares":true,"showImageEffects":true,"showParticleSystems":true,"showVisualEffectGraphs":true,"m_FxEnabled":true},"in2DMode":false,"pivot":{"x":-45.0765266418457,"y":18.421659469604493,"z":-107.17704772949219},"rotation":{"x":-0.0849408432841301,"y":-0.044173989444971088,"z":0.0031467305961996319,"w":-0.9966303110122681},"size":7.150007247924805,"orthographic":false}