{"cameraMode":{"drawMode":0,"name":"Shaded","section":"Shading Mode"},"sceneLighting":true,"audioPlay":false,"sceneViewState":{"m_AlwaysRefresh":false,"showFog":true,"showSkybox":true,"showFlares":true,"showImageEffects":true,"showParticleSystems":true,"showVisualEffectGraphs":true,"m_FxEnabled":true},"in2DMode":false,"pivot":{"x":-0.6296136379241943,"y":3.8538458347320558,"z":3.3060452938079836},"rotation":{"x":0.16078004240989686,"y":0.7919726967811585,"z":-0.23653948307037354,"w":0.5404277443885803},"size":17.106122970581056,"orthographic":false}