{"cameraMode":{"drawMode":0,"name":"Shaded","section":"Shading Mode"},"sceneLighting":true,"audioPlay":false,"sceneViewState":{"m_AlwaysRefresh":false,"showFog":true,"showSkybox":true,"showFlares":true,"showImageEffects":true,"showParticleSystems":true,"showVisualEffectGraphs":true,"m_FxEnabled":true},"in2DMode":false,"pivot":{"x":3.662419319152832,"y":14.694684982299805,"z":-6.555518627166748},"rotation":{"x":-0.017439724877476693,"y":-0.9808552861213684,"z":0.1651415228843689,"w":-0.10301590710878372},"size":3.7743186950683595,"orthographic":false}