{"cameraMode":{"drawMode":0,"name":"Shaded","section":"Shading Mode"},"sceneLighting":true,"audioPlay":false,"sceneViewState":{"m_AlwaysRefresh":false,"showFog":true,"showSkybox":true,"showFlares":true,"showImageEffects":true,"showParticleSystems":true,"showVisualEffectGraphs":true,"m_FxEnabled":true},"in2DMode":false,"pivot":{"x":10.043804168701172,"y":1.6673786640167237,"z":-21.800992965698243},"rotation":{"x":0.003792903386056423,"y":0.9816696643829346,"z":-0.04548540338873863,"w":0.19410759210586549},"size":17.106122970581056,"orthographic":false}